char	codepoint	unicode_name	category	block	prefix	visual_cluster	main_key	main_shape	preferred_state_key	state_cluster	state_key	state_shape	input_code	classification_reason	rebalanced	cluster_distance	aspect	density	source	status	algorithm
Ա	U+0531	ARMENIAN CAPITAL LETTER AYB	Lu	armenian	as	5	g	动物有机体	s	0	s	对称	asgs	armenian视觉聚类C5;状态组S0	false	0.628086	1.1667	0.2233	30_项目/个人Unicode音型输入法/数据/unicode全字符/plane-00-Basic Multilingual Plane/block-u0530-u058f-armenian.md	machine-initial-v1	visual-balanced-unicode-block-v1
Բ	U+0532	ARMENIAN CAPITAL LETTER BEN	Lu	armenian	as	2	y	分叉翼形	s	0	s	对称	asys	armenian视觉聚类C2;状态组S0	false	0.336334	1.0000	0.1986	30_项目/个人Unicode音型输入法/数据/unicode全字符/plane-00-Basic Multilingual Plane/block-u0530-u058f-armenian.md	machine-initial-v1	visual-balanced-unicode-block-v1
Գ	U+0533	ARMENIAN CAPITAL LETTER GIM	Lu	armenian	as	11	w	波浪流线	s	1	o	外包	aswo	armenian视觉聚类C11;状态组S1	true	0.789750	1.0667	0.2102	30_项目/个人Unicode音型输入法/数据/unicode全字符/plane-00-Basic Multilingual Plane/block-u0530-u058f-armenian.md	machine-initial-v1	visual-balanced-unicode-block-v1
Դ	U+0534	ARMENIAN CAPITAL LETTER DA	Lu	armenian	as	17	j	钩弯	s	0	s	对称	asjs	armenian视觉聚类C17;状态组S0	false	0.928899	1.0500	0.1751	30_项目/个人Unicode音型输入法/数据/unicode全字符/plane-00-Basic Multilingual Plane/block-u0530-u058f-armenian.md	machine-initial-v1	visual-balanced-unicode-block-v1
Ե	U+0535	ARMENIAN CAPITAL LETTER ECH	Lu	armenian	as	17	j	钩弯	s	1	g	缺口开放	asjg	armenian视觉聚类C17;状态组S1	true	0.444694	1.0167	0.1913	30_项目/个人Unicode音型输入法/数据/unicode全字符/plane-00-Basic Multilingual Plane/block-u0530-u058f-armenian.md	machine-initial-v1	visual-balanced-unicode-block-v1
Զ	U+0536	ARMENIAN CAPITAL LETTER ZA	Lu	armenian	as	10	t	三角尖形	s	0	s	对称	asts	armenian视觉聚类C10;状态组S0	false	0.310183	0.9180	0.2456	30_项目/个人Unicode音型输入法/数据/unicode全字符/plane-00-Basic Multilingual Plane/block-u0530-u058f-armenian.md	machine-initial-v1	visual-balanced-unicode-block-v1
Է	U+0537	ARMENIAN CAPITAL LETTER EH	Lu	armenian	as	18	p	螺旋回环	s	1	x	穿过交叠	aspx	armenian视觉聚类C18;状态组S1	true	0.187928	0.8182	0.1773	30_项目/个人Unicode音型输入法/数据/unicode全字符/plane-00-Basic Multilingual Plane/block-u0530-u058f-armenian.md	machine-initial-v1	visual-balanced-unicode-block-v1
Ը	U+0538	ARMENIAN CAPITAL LETTER ET	Lu	armenian	as	0	x	交叉	s	1	s	对称	asxs	armenian视觉聚类C0;状态组S1	false	0.262408	0.8281	0.1925	30_项目/个人Unicode音型输入法/数据/unicode全字符/plane-00-Basic Multilingual Plane/block-u0530-u058f-armenian.md	machine-initial-v1	visual-balanced-unicode-block-v1
Թ	U+0539	ARMENIAN CAPITAL LETTER TO	Lu	armenian	as	10	t	三角尖形	s	0	s	对称	asts	armenian视觉聚类C10;状态组S0	false	0.442538	1.2000	0.2354	30_项目/个人Unicode音型输入法/数据/unicode全字符/plane-00-Basic Multilingual Plane/block-u0530-u058f-armenian.md	machine-initial-v1	visual-balanced-unicode-block-v1
Ժ	U+053A	ARMENIAN CAPITAL LETTER ZHE	Lu	armenian	as	9	o	圆环	s	1	s	对称	asos	armenian视觉聚类C9;状态组S1	false	0.748915	1.0667	0.2049	30_项目/个人Unicode音型输入法/数据/unicode全字符/plane-00-Basic Multilingual Plane/block-u0530-u058f-armenian.md	machine-initial-v1	visual-balanced-unicode-block-v1
Ի	U+053B	ARMENIAN CAPITAL LETTER INI	Lu	armenian	as	2	y	分叉翼形	s	0	s	对称	asys	armenian视觉聚类C2;状态组S0	false	0.361441	0.9492	0.1992	30_项目/个人Unicode音型输入法/数据/unicode全字符/plane-00-Basic Multilingual Plane/block-u0530-u058f-armenian.md	machine-initial-v1	visual-balanced-unicode-block-v1
Լ	U+053C	ARMENIAN CAPITAL LETTER LIWN	Lu	armenian	as	18	p	螺旋回环	s	1	x	穿过交叠	aspx	armenian视觉聚类C18;状态组S1	true	0.133969	0.7879	0.1509	30_项目/个人Unicode音型输入法/数据/unicode全字符/plane-00-Basic Multilingual Plane/block-u0530-u058f-armenian.md	machine-initial-v1	visual-balanced-unicode-block-v1
Խ	U+053D	ARMENIAN CAPITAL LETTER XEH	Lu	armenian	as	8	m	复合	s	0	s	对称	asms	armenian视觉聚类C8;状态组S0	false	0.000000	1.1356	0.2383	30_项目/个人Unicode音型输入法/数据/unicode全字符/plane-00-Basic Multilingual Plane/block-u0530-u058f-armenian.md	machine-initial-v1	visual-balanced-unicode-block-v1
Ծ	U+053E	ARMENIAN CAPITAL LETTER CA	Lu	armenian	as	16	d	点状	s	0	s	对称	asds	armenian视觉聚类C16;状态组S0	false	0.483622	1.0159	0.2245	30_项目/个人Unicode音型输入法/数据/unicode全字符/plane-00-Basic Multilingual Plane/block-u0530-u058f-armenian.md	machine-initial-v1	visual-balanced-unicode-block-v1
Կ	U+053F	ARMENIAN CAPITAL LETTER KEN	Lu	armenian	as	16	d	点状	s	1	x	穿过交叠	asdx	armenian视觉聚类C16;状态组S1	true	0.592934	1.0508	0.1987	30_项目/个人Unicode音型输入法/数据/unicode全字符/plane-00-Basic Multilingual Plane/block-u0530-u058f-armenian.md	machine-initial-v1	visual-balanced-unicode-block-v1
Հ	U+0540	ARMENIAN CAPITAL LETTER HO	Lu	armenian	as	18	p	螺旋回环	s	0	s	对称	asps	armenian视觉聚类C18;状态组S0	false	0.278666	0.6812	0.1563	30_项目/个人Unicode音型输入法/数据/unicode全字符/plane-00-Basic Multilingual Plane/block-u0530-u058f-armenian.md	machine-initial-v1	visual-balanced-unicode-block-v1
Ձ	U+0541	ARMENIAN CAPITAL LETTER JA	Lu	armenian	as	0	x	交叉	s	0	x	穿过交叠	asxx	armenian视觉聚类C0;状态组S0	true	0.305534	0.9344	0.2209	30_项目/个人Unicode音型输入法/数据/unicode全字符/plane-00-Basic Multilingual Plane/block-u0530-u058f-armenian.md	machine-initial-v1	visual-balanced-unicode-block-v1
Ղ	U+0542	ARMENIAN CAPITAL LETTER GHAD	Lu	armenian	as	5	g	动物有机体	s	1	q	倾斜	asgq	armenian视觉聚类C5;状态组S1	true	0.927863	0.9403	0.1500	30_项目/个人Unicode音型输入法/数据/unicode全字符/plane-00-Basic Multilingual Plane/block-u0530-u058f-armenian.md	machine-initial-v1	visual-balanced-unicode-block-v1
Ճ	U+0543	ARMENIAN CAPITAL LETTER CHEH	Lu	armenian	as	9	o	圆环	s	0	o	外包	asoo	armenian视觉聚类C9;状态组S0	true	0.423607	0.9677	0.2102	30_项目/个人Unicode音型输入法/数据/unicode全字符/plane-00-Basic Multilingual Plane/block-u0530-u058f-armenian.md	machine-initial-v1	visual-balanced-unicode-block-v1
Մ	U+0544	ARMENIAN CAPITAL LETTER MEN	Lu	armenian	as	16	d	点状	s	1	x	穿过交叠	asdx	armenian视觉聚类C16;状态组S1	true	0.504853	1.1833	0.2117	30_项目/个人Unicode音型输入法/数据/unicode全字符/plane-00-Basic Multilingual Plane/block-u0530-u058f-armenian.md	machine-initial-v1	visual-balanced-unicode-block-v1
Յ	U+0545	ARMENIAN CAPITAL LETTER YI	Lu	armenian	as	11	w	波浪流线	s	1	o	外包	aswo	armenian视觉聚类C11;状态组S1	true	0.194286	0.8361	0.2369	30_项目/个人Unicode音型输入法/数据/unicode全字符/plane-00-Basic Multilingual Plane/block-u0530-u058f-armenian.md	machine-initial-v1	visual-balanced-unicode-block-v1
Ն	U+0546	ARMENIAN CAPITAL LETTER NOW	Lu	armenian	as	12	k	绳结	s	1	s	对称	asks	armenian视觉聚类C12;状态组S1	false	0.714157	1.0167	0.1574	30_项目/个人Unicode音型输入法/数据/unicode全字符/plane-00-Basic Multilingual Plane/block-u0530-u058f-armenian.md	machine-initial-v1	visual-balanced-unicode-block-v1
Շ	U+0547	ARMENIAN CAPITAL LETTER SHA	Lu	armenian	as	16	d	点状	s	0	s	对称	asds	armenian视觉聚类C16;状态组S0	false	0.424759	0.9333	0.2196	30_项目/个人Unicode音型输入法/数据/unicode全字符/plane-00-Basic Multilingual Plane/block-u0530-u058f-armenian.md	machine-initial-v1	visual-balanced-unicode-block-v1
Ո	U+0548	ARMENIAN CAPITAL LETTER VO	Lu	armenian	as	0	x	交叉	s	1	s	对称	asxs	armenian视觉聚类C0;状态组S1	false	0.436678	1.1167	0.2095	30_项目/个人Unicode音型输入法/数据/unicode全字符/plane-00-Basic Multilingual Plane/block-u0530-u058f-armenian.md	machine-initial-v1	visual-balanced-unicode-block-v1
Չ	U+0549	ARMENIAN CAPITAL LETTER CHA	Lu	armenian	as	0	x	交叉	s	0	x	穿过交叠	asxx	armenian视觉聚类C0;状态组S0	true	0.299319	0.8833	0.2025	30_项目/个人Unicode音型输入法/数据/unicode全字符/plane-00-Basic Multilingual Plane/block-u0530-u058f-armenian.md	machine-initial-v1	visual-balanced-unicode-block-v1
Պ	U+054A	ARMENIAN CAPITAL LETTER PEH	Lu	armenian	as	10	c	曲弧	s	1	g	缺口开放	ascg	用户锚点：Պ=ascg	true	0.832094	1.0484	0.2045	30_项目/个人Unicode音型输入法/数据/unicode全字符/plane-00-Basic Multilingual Plane/block-u0530-u058f-armenian.md	machine-initial-v1	visual-balanced-unicode-block-v1
Ջ	U+054B	ARMENIAN CAPITAL LETTER JHEH	Lu	armenian	as	10	t	三角尖形	s	0	s	对称	asts	armenian视觉聚类C10;状态组S0	false	0.293073	0.9508	0.2374	30_项目/个人Unicode音型输入法/数据/unicode全字符/plane-00-Basic Multilingual Plane/block-u0530-u058f-armenian.md	machine-initial-v1	visual-balanced-unicode-block-v1
Ռ	U+054C	ARMENIAN CAPITAL LETTER RA	Lu	armenian	as	10	t	三角尖形	s	0	s	对称	asts	armenian视觉聚类C10;状态组S0	false	0.491856	1.2000	0.2125	30_项目/个人Unicode音型输入法/数据/unicode全字符/plane-00-Basic Multilingual Plane/block-u0530-u058f-armenian.md	machine-initial-v1	visual-balanced-unicode-block-v1
Ս	U+054D	ARMENIAN CAPITAL LETTER SEH	Lu	armenian	as	15	u	容器U形	s	1	s	对称	asus	armenian视觉聚类C15;状态组S1	false	1.043439	1.1167	0.2107	30_项目/个人Unicode音型输入法/数据/unicode全字符/plane-00-Basic Multilingual Plane/block-u0530-u058f-armenian.md	machine-initial-v1	visual-balanced-unicode-block-v1
Վ	U+054E	ARMENIAN CAPITAL LETTER VEW	Lu	armenian	as	9	o	圆环	s	1	s	对称	asos	armenian视觉聚类C9;状态组S1	false	0.508064	0.9848	0.1741	30_项目/个人Unicode音型输入法/数据/unicode全字符/plane-00-Basic Multilingual Plane/block-u0530-u058f-armenian.md	machine-initial-v1	visual-balanced-unicode-block-v1
Տ	U+054F	ARMENIAN CAPITAL LETTER TIWN	Lu	armenian	as	11	w	波浪流线	s	1	o	外包	aswo	armenian视觉聚类C11;状态组S1	true	0.225585	0.7869	0.2312	30_项目/个人Unicode音型输入法/数据/unicode全字符/plane-00-Basic Multilingual Plane/block-u0530-u058f-armenian.md	machine-initial-v1	visual-balanced-unicode-block-v1
Ր	U+0550	ARMENIAN CAPITAL LETTER REH	Lu	armenian	as	2	y	分叉翼形	s	0	s	对称	asys	armenian视觉聚类C2;状态组S0	false	0.250568	0.9500	0.1646	30_项目/个人Unicode音型输入法/数据/unicode全字符/plane-00-Basic Multilingual Plane/block-u0530-u058f-armenian.md	machine-initial-v1	visual-balanced-unicode-block-v1
Ց	U+0551	ARMENIAN CAPITAL LETTER CO	Lu	armenian	as	11	w	波浪流线	s	1	o	外包	aswo	armenian视觉聚类C11;状态组S1	true	0.249073	0.8525	0.2254	30_项目/个人Unicode音型输入法/数据/unicode全字符/plane-00-Basic Multilingual Plane/block-u0530-u058f-armenian.md	machine-initial-v1	visual-balanced-unicode-block-v1
Ւ	U+0552	ARMENIAN CAPITAL LETTER YIWN	Lu	armenian	as	17	j	钩弯	s	0	s	对称	asjs	armenian视觉聚类C17;状态组S0	false	0.364099	1.0169	0.1893	30_项目/个人Unicode音型输入法/数据/unicode全字符/plane-00-Basic Multilingual Plane/block-u0530-u058f-armenian.md	machine-initial-v1	visual-balanced-unicode-block-v1
Փ	U+0553	ARMENIAN CAPITAL LETTER PIWR	Lu	armenian	as	14	f	人物轮廓	s	1	s	对称	asfs	armenian视觉聚类C14;状态组S1	false	0.537437	1.1017	0.2415	30_项目/个人Unicode音型输入法/数据/unicode全字符/plane-00-Basic Multilingual Plane/block-u0530-u058f-armenian.md	machine-initial-v1	visual-balanced-unicode-block-v1
Ք	U+0554	ARMENIAN CAPITAL LETTER KEH	Lu	armenian	as	6	z	阶梯锯齿	s	1	o	外包	aszo	armenian视觉聚类C6;状态组S1	true	0.425180	0.9833	0.2339	30_项目/个人Unicode音型输入法/数据/unicode全字符/plane-00-Basic Multilingual Plane/block-u0530-u058f-armenian.md	machine-initial-v1	visual-balanced-unicode-block-v1
Օ	U+0555	ARMENIAN CAPITAL LETTER OH	Lu	armenian	as	14	f	人物轮廓	s	0	o	外包	asfo	armenian视觉聚类C14;状态组S0	true	0.341438	1.0656	0.2106	30_项目/个人Unicode音型输入法/数据/unicode全字符/plane-00-Basic Multilingual Plane/block-u0530-u058f-armenian.md	machine-initial-v1	visual-balanced-unicode-block-v1
Ֆ	U+0556	ARMENIAN CAPITAL LETTER FEH	Lu	armenian	as	15	u	容器U形	s	0	o	外包	asuo	armenian视觉聚类C15;状态组S0	true	0.847260	1.0000	0.2556	30_项目/个人Unicode音型输入法/数据/unicode全字符/plane-00-Basic Multilingual Plane/block-u0530-u058f-armenian.md	machine-initial-v1	visual-balanced-unicode-block-v1
ՙ	U+0559	ARMENIAN MODIFIER LETTER LEFT HALF RING	Lm	armenian	as	4	n	成列成排	s	0	s	对称	asns	armenian视觉聚类C4;状态组S0	false	0.501556	0.2025	0.0514	30_项目/个人Unicode音型输入法/数据/unicode全字符/plane-00-Basic Multilingual Plane/block-u0530-u058f-armenian.md	machine-initial-v1	visual-balanced-unicode-block-v1
՚	U+055A	ARMENIAN APOSTROPHE	Po	armenian	as	7	r	放射星芒	s	0	s	对称	asrs	armenian视觉聚类C7;状态组S0	false	0.133002	0.2025	0.0491	30_项目/个人Unicode音型输入法/数据/unicode全字符/plane-00-Basic Multilingual Plane/block-u0530-u058f-armenian.md	machine-initial-v1	visual-balanced-unicode-block-v1
՛	U+055B	ARMENIAN EMPHASIS MARK	Po	armenian	as	12	k	绳结	v	0	v	纵向	askv	armenian视觉聚类C12;状态组S0	false	0.430851	0.3590	0.0339	30_项目/个人Unicode音型输入法/数据/unicode全字符/plane-00-Basic Multilingual Plane/block-u0530-u058f-armenian.md	machine-initial-v1	visual-balanced-unicode-block-v1
՜	U+055C	ARMENIAN EXCLAMATION MARK	Po	armenian	as	1	l	线条	s	0	t	上重	aslt	armenian视觉聚类C1;状态组S0	true	0.383954	0.3647	0.0440	30_项目/个人Unicode音型输入法/数据/unicode全字符/plane-00-Basic Multilingual Plane/block-u0530-u058f-armenian.md	machine-initial-v1	visual-balanced-unicode-block-v1
՝	U+055D	ARMENIAN COMMA	Po	armenian	as	7	r	放射星芒	t	1	t	上重	asrt	armenian视觉聚类C7;状态组S1	false	0.179818	0.3718	0.0309	30_项目/个人Unicode音型输入法/数据/unicode全字符/plane-00-Basic Multilingual Plane/block-u0530-u058f-armenian.md	machine-initial-v1	visual-balanced-unicode-block-v1
՞	U+055E	ARMENIAN QUESTION MARK	Po	armenian	as	4	n	成列成排	t	1	t	上重	asnt	armenian视觉聚类C4;状态组S1	false	0.497262	0.3875	0.0742	30_项目/个人Unicode音型输入法/数据/unicode全字符/plane-00-Basic Multilingual Plane/block-u0530-u058f-armenian.md	machine-initial-v1	visual-balanced-unicode-block-v1
՟	U+055F	ARMENIAN ABBREVIATION MARK	Po	armenian	as	1	l	线条	s	1	s	对称	asls	armenian视觉聚类C1;状态组S1	false	0.381931	0.4211	0.0428	30_项目/个人Unicode音型输入法/数据/unicode全字符/plane-00-Basic Multilingual Plane/block-u0530-u058f-armenian.md	machine-initial-v1	visual-balanced-unicode-block-v1
ՠ	U+0560	ARMENIAN SMALL LETTER TURNED AYB	Ll	armenian	as	4	n	成列成排	s	0	s	对称	asns	armenian视觉聚类C4;状态组S0	false	0.275915	1.6667	0.2966	30_项目/个人Unicode音型输入法/数据/unicode全字符/plane-00-Basic Multilingual Plane/block-u0530-u058f-armenian.md	machine-initial-v1	visual-balanced-unicode-block-v1
ա	U+0561	ARMENIAN SMALL LETTER AYB	Ll	armenian	as	4	n	成列成排	s	0	s	对称	asns	armenian视觉聚类C4;状态组S0	false	0.189541	1.6512	0.2761	30_项目/个人Unicode音型输入法/数据/unicode全字符/plane-00-Basic Multilingual Plane/block-u0530-u058f-armenian.md	machine-initial-v1	visual-balanced-unicode-block-v1
բ	U+0562	ARMENIAN SMALL LETTER BEN	Ll	armenian	as	6	z	阶梯锯齿	s	1	o	外包	aszo	armenian视觉聚类C6;状态组S1	true	0.156716	0.7258	0.2258	30_项目/个人Unicode音型输入法/数据/unicode全字符/plane-00-Basic Multilingual Plane/block-u0530-u058f-armenian.md	machine-initial-v1	visual-balanced-unicode-block-v1
գ	U+0563	ARMENIAN SMALL LETTER GIM	Ll	armenian	as	15	u	容器U形	s	1	s	对称	asus	armenian视觉聚类C15;状态组S1	false	0.259507	0.7742	0.2470	30_项目/个人Unicode音型输入法/数据/unicode全字符/plane-00-Basic Multilingual Plane/block-u0530-u058f-armenian.md	machine-initial-v1	visual-balanced-unicode-block-v1
դ	U+0564	ARMENIAN SMALL LETTER DA	Ll	armenian	as	3	i	细柱	s	0	x	穿过交叠	asix	armenian视觉聚类C3;状态组S0	true	0.119516	0.8226	0.2233	30_项目/个人Unicode音型输入法/数据/unicode全字符/plane-00-Basic Multilingual Plane/block-u0530-u058f-armenian.md	machine-initial-v1	visual-balanced-unicode-block-v1
ե	U+0565	ARMENIAN SMALL LETTER ECH	Ll	armenian	as	12	k	绳结	s	1	s	对称	asks	armenian视觉聚类C12;状态组S1	false	0.203090	0.7778	0.2018	30_项目/个人Unicode音型输入法/数据/unicode全字符/plane-00-Basic Multilingual Plane/block-u0530-u058f-armenian.md	machine-initial-v1	visual-balanced-unicode-block-v1
զ	U+0566	ARMENIAN SMALL LETTER ZA	Ll	armenian	as	15	u	容器U形	s	1	s	对称	asus	armenian视觉聚类C15;状态组S1	false	0.269108	0.7742	0.2345	30_项目/个人Unicode音型输入法/数据/unicode全字符/plane-00-Basic Multilingual Plane/block-u0530-u058f-armenian.md	machine-initial-v1	visual-balanced-unicode-block-v1
է	U+0567	ARMENIAN SMALL LETTER EH	Ll	armenian	as	18	p	螺旋回环	s	1	x	穿过交叠	aspx	armenian视觉聚类C18;状态组S1	true	0.188208	0.6377	0.1845	30_项目/个人Unicode音型输入法/数据/unicode全字符/plane-00-Basic Multilingual Plane/block-u0530-u058f-armenian.md	machine-initial-v1	visual-balanced-unicode-block-v1
ը	U+0568	ARMENIAN SMALL LETTER ET	Ll	armenian	as	3	i	细柱	s	0	x	穿过交叠	asix	armenian视觉聚类C3;状态组S0	true	0.106685	0.8226	0.2309	30_项目/个人Unicode音型输入法/数据/unicode全字符/plane-00-Basic Multilingual Plane/block-u0530-u058f-armenian.md	machine-initial-v1	visual-balanced-unicode-block-v1
թ	U+0569	ARMENIAN SMALL LETTER TO	Ll	armenian	as	17	j	钩弯	s	0	s	对称	asjs	armenian视觉聚类C17;状态组S0	false	0.363431	0.9032	0.2428	30_项目/个人Unicode音型输入法/数据/unicode全字符/plane-00-Basic Multilingual Plane/block-u0530-u058f-armenian.md	machine-initial-v1	visual-balanced-unicode-block-v1
ժ	U+056A	ARMENIAN SMALL LETTER ZHE	Ll	armenian	as	13	v	开口V形	s	0	o	外包	asvo	armenian视觉聚类C13;状态组S0	true	0.346370	0.7937	0.2137	30_项目/个人Unicode音型输入法/数据/unicode全字符/plane-00-Basic Multilingual Plane/block-u0530-u058f-armenian.md	machine-initial-v1	visual-balanced-unicode-block-v1
ի	U+056B	ARMENIAN SMALL LETTER INI	Ll	armenian	as	6	z	阶梯锯齿	s	0	s	对称	aszs	armenian视觉聚类C6;状态组S0	false	0.233903	0.6220	0.1927	30_项目/个人Unicode音型输入法/数据/unicode全字符/plane-00-Basic Multilingual Plane/block-u0530-u058f-armenian.md	machine-initial-v1	visual-balanced-unicode-block-v1
լ	U+056C	ARMENIAN SMALL LETTER LIWN	Ll	armenian	as	6	z	阶梯锯齿	s	0	s	对称	aszs	armenian视觉聚类C6;状态组S0	false	0.346393	0.6129	0.1685	30_项目/个人Unicode音型输入法/数据/unicode全字符/plane-00-Basic Multilingual Plane/block-u0530-u058f-armenian.md	machine-initial-v1	visual-balanced-unicode-block-v1
խ	U+056D	ARMENIAN SMALL LETTER XEH	Ll	armenian	as	17	j	钩弯	s	0	s	对称	asjs	armenian视觉聚类C17;状态组S0	false	0.292489	0.8293	0.1976	30_项目/个人Unicode音型输入法/数据/unicode全字符/plane-00-Basic Multilingual Plane/block-u0530-u058f-armenian.md	machine-initial-v1	visual-balanced-unicode-block-v1
ծ	U+056E	ARMENIAN SMALL LETTER CA	Ll	armenian	as	12	k	绳结	s	1	s	对称	asks	armenian视觉聚类C12;状态组S1	false	0.340917	0.7188	0.2330	30_项目/个人Unicode音型输入法/数据/unicode全字符/plane-00-Basic Multilingual Plane/block-u0530-u058f-armenian.md	machine-initial-v1	visual-balanced-unicode-block-v1
կ	U+056F	ARMENIAN SMALL LETTER KEN	Ll	armenian	as	13	v	开口V形	s	1	s	对称	asvs	armenian视觉聚类C13;状态组S1	false	0.244960	0.6098	0.2166	30_项目/个人Unicode音型输入法/数据/unicode全字符/plane-00-Basic Multilingual Plane/block-u0530-u058f-armenian.md	machine-initial-v1	visual-balanced-unicode-block-v1
հ	U+0570	ARMENIAN SMALL LETTER HO	Ll	armenian	as	3	i	细柱	s	1	s	对称	asis	armenian视觉聚类C3;状态组S1	false	0.259375	0.8226	0.2207	30_项目/个人Unicode音型输入法/数据/unicode全字符/plane-00-Basic Multilingual Plane/block-u0530-u058f-armenian.md	machine-initial-v1	visual-balanced-unicode-block-v1
ձ	U+0571	ARMENIAN SMALL LETTER JA	Ll	armenian	as	0	x	交叉	s	1	s	对称	asxs	armenian视觉聚类C0;状态组S1	false	0.549412	0.7969	0.1896	30_项目/个人Unicode音型输入法/数据/unicode全字符/plane-00-Basic Multilingual Plane/block-u0530-u058f-armenian.md	machine-initial-v1	visual-balanced-unicode-block-v1
ղ	U+0572	ARMENIAN SMALL LETTER GHAD	Ll	armenian	as	3	i	细柱	s	0	x	穿过交叠	asix	armenian视觉聚类C3;状态组S0	true	0.130217	0.8226	0.2100	30_项目/个人Unicode音型输入法/数据/unicode全字符/plane-00-Basic Multilingual Plane/block-u0530-u058f-armenian.md	machine-initial-v1	visual-balanced-unicode-block-v1
ճ	U+0573	ARMENIAN SMALL LETTER CHEH	Ll	armenian	as	9	o	圆环	s	0	o	外包	asoo	armenian视觉聚类C9;状态组S0	true	0.347890	0.7937	0.2063	30_项目/个人Unicode音型输入法/数据/unicode全字符/plane-00-Basic Multilingual Plane/block-u0530-u058f-armenian.md	machine-initial-v1	visual-balanced-unicode-block-v1
մ	U+0574	ARMENIAN SMALL LETTER MEN	Ll	armenian	as	9	o	圆环	s	0	o	外包	asoo	armenian视觉聚类C9;状态组S0	true	0.337207	0.8125	0.2025	30_项目/个人Unicode音型输入法/数据/unicode全字符/plane-00-Basic Multilingual Plane/block-u0530-u058f-armenian.md	machine-initial-v1	visual-balanced-unicode-block-v1
յ	U+0575	ARMENIAN SMALL LETTER YI	Ll	armenian	as	7	r	放射星芒	s	0	s	对称	asrs	armenian视觉聚类C7;状态组S0	false	0.241924	0.4677	0.2258	30_项目/个人Unicode音型输入法/数据/unicode全字符/plane-00-Basic Multilingual Plane/block-u0530-u058f-armenian.md	machine-initial-v1	visual-balanced-unicode-block-v1
ն	U+0576	ARMENIAN SMALL LETTER NOW	Ll	armenian	as	2	y	分叉翼形	s	1	x	穿过交叠	asyx	armenian视觉聚类C2;状态组S1	true	0.304862	0.7937	0.2267	30_项目/个人Unicode音型输入法/数据/unicode全字符/plane-00-Basic Multilingual Plane/block-u0530-u058f-armenian.md	machine-initial-v1	visual-balanced-unicode-block-v1
շ	U+0577	ARMENIAN SMALL LETTER SHA	Ll	armenian	as	13	v	开口V形	s	1	s	对称	asvs	armenian视觉聚类C13;状态组S1	false	0.220568	0.6935	0.1969	30_项目/个人Unicode音型输入法/数据/unicode全字符/plane-00-Basic Multilingual Plane/block-u0530-u058f-armenian.md	machine-initial-v1	visual-balanced-unicode-block-v1
ո	U+0578	ARMENIAN SMALL LETTER VO	Ll	armenian	as	5	g	动物有机体	s	0	s	对称	asgs	armenian视觉聚类C5;状态组S0	false	0.360162	1.2143	0.2712	30_项目/个人Unicode音型输入法/数据/unicode全字符/plane-00-Basic Multilingual Plane/block-u0530-u058f-armenian.md	machine-initial-v1	visual-balanced-unicode-block-v1
չ	U+0579	ARMENIAN SMALL LETTER CHA	Ll	armenian	as	7	r	放射星芒	s	0	s	对称	asrs	armenian视觉聚类C7;状态组S0	false	0.202822	0.6061	0.1674	30_项目/个人Unicode音型输入法/数据/unicode全字符/plane-00-Basic Multilingual Plane/block-u0530-u058f-armenian.md	machine-initial-v1	visual-balanced-unicode-block-v1
պ	U+057A	ARMENIAN SMALL LETTER PEH	Ll	armenian	as	1	l	线条	s	0	t	上重	aslt	armenian视觉聚类C1;状态组S0	true	0.637842	1.1452	0.2199	30_项目/个人Unicode音型输入法/数据/unicode全字符/plane-00-Basic Multilingual Plane/block-u0530-u058f-armenian.md	machine-initial-v1	visual-balanced-unicode-block-v1
ջ	U+057B	ARMENIAN SMALL LETTER JHEH	Ll	armenian	as	13	v	开口V形	s	1	s	对称	asvs	armenian视觉聚类C13;状态组S1	false	0.244837	0.7097	0.2306	30_项目/个人Unicode音型输入法/数据/unicode全字符/plane-00-Basic Multilingual Plane/block-u0530-u058f-armenian.md	machine-initial-v1	visual-balanced-unicode-block-v1
ռ	U+057C	ARMENIAN SMALL LETTER RA	Ll	armenian	as	5	g	动物有机体	s	0	s	对称	asgs	armenian视觉聚类C5;状态组S0	false	0.913255	1.1667	0.2736	30_项目/个人Unicode音型输入法/数据/unicode全字符/plane-00-Basic Multilingual Plane/block-u0530-u058f-armenian.md	machine-initial-v1	visual-balanced-unicode-block-v1
ս	U+057D	ARMENIAN SMALL LETTER SEH	Ll	armenian	as	5	g	动物有机体	s	0	s	对称	asgs	armenian视觉聚类C5;状态组S0	false	0.325415	1.1591	0.2389	30_项目/个人Unicode音型输入法/数据/unicode全字符/plane-00-Basic Multilingual Plane/block-u0530-u058f-armenian.md	machine-initial-v1	visual-balanced-unicode-block-v1
վ	U+057E	ARMENIAN SMALL LETTER VEW	Ll	armenian	as	13	v	开口V形	s	1	s	对称	asvs	armenian视觉聚类C13;状态组S1	false	0.210016	0.6463	0.1795	30_项目/个人Unicode音型输入法/数据/unicode全字符/plane-00-Basic Multilingual Plane/block-u0530-u058f-armenian.md	machine-initial-v1	visual-balanced-unicode-block-v1
տ	U+057F	ARMENIAN SMALL LETTER TIWN	Ll	armenian	as	4	n	成列成排	s	0	s	对称	asns	armenian视觉聚类C4;状态组S0	false	0.147264	1.6279	0.2621	30_项目/个人Unicode音型输入法/数据/unicode全字符/plane-00-Basic Multilingual Plane/block-u0530-u058f-armenian.md	machine-initial-v1	visual-balanced-unicode-block-v1
ր	U+0580	ARMENIAN SMALL LETTER REH	Ll	armenian	as	3	i	细柱	s	0	x	穿过交叠	asix	armenian视觉聚类C3;状态组S0	true	0.140965	0.8226	0.2217	30_项目/个人Unicode音型输入法/数据/unicode全字符/plane-00-Basic Multilingual Plane/block-u0530-u058f-armenian.md	machine-initial-v1	visual-balanced-unicode-block-v1
ց	U+0581	ARMENIAN SMALL LETTER CO	Ll	armenian	as	11	w	波浪流线	s	0	s	对称	asws	armenian视觉聚类C11;状态组S0	false	0.314647	0.7302	0.2778	30_项目/个人Unicode音型输入法/数据/unicode全字符/plane-00-Basic Multilingual Plane/block-u0530-u058f-armenian.md	machine-initial-v1	visual-balanced-unicode-block-v1
ւ	U+0582	ARMENIAN SMALL LETTER YIWN	Ll	armenian	as	12	k	绳结	s	1	s	对称	asks	armenian视觉聚类C12;状态组S1	false	0.338045	0.9048	0.1736	30_项目/个人Unicode音型输入法/数据/unicode全字符/plane-00-Basic Multilingual Plane/block-u0530-u058f-armenian.md	machine-initial-v1	visual-balanced-unicode-block-v1
փ	U+0583	ARMENIAN SMALL LETTER PIWR	Ll	armenian	as	1	l	线条	s	1	s	对称	asls	armenian视觉聚类C1;状态组S1	false	0.343300	0.8537	0.1906	30_项目/个人Unicode音型输入法/数据/unicode全字符/plane-00-Basic Multilingual Plane/block-u0530-u058f-armenian.md	machine-initial-v1	visual-balanced-unicode-block-v1
ք	U+0584	ARMENIAN SMALL LETTER KEH	Ll	armenian	as	6	z	阶梯锯齿	s	1	o	外包	aszo	armenian视觉聚类C6;状态组S1	true	0.267041	0.7869	0.2684	30_项目/个人Unicode音型输入法/数据/unicode全字符/plane-00-Basic Multilingual Plane/block-u0530-u058f-armenian.md	machine-initial-v1	visual-balanced-unicode-block-v1
օ	U+0585	ARMENIAN SMALL LETTER OH	Ll	armenian	as	14	f	人物轮廓	s	0	o	外包	asfo	armenian视觉聚类C14;状态组S0	true	0.412355	1.0930	0.2524	30_项目/个人Unicode音型输入法/数据/unicode全字符/plane-00-Basic Multilingual Plane/block-u0530-u058f-armenian.md	machine-initial-v1	visual-balanced-unicode-block-v1
ֆ	U+0586	ARMENIAN SMALL LETTER FEH	Ll	armenian	as	16	d	点状	s	0	s	对称	asds	armenian视觉聚类C16;状态组S0	false	0.647458	0.6707	0.2366	30_项目/个人Unicode音型输入法/数据/unicode全字符/plane-00-Basic Multilingual Plane/block-u0530-u058f-armenian.md	machine-initial-v1	visual-balanced-unicode-block-v1
և	U+0587	ARMENIAN SMALL LIGATURE ECH YIWN	Ll	armenian	as	2	y	分叉翼形	s	1	x	穿过交叠	asyx	armenian视觉聚类C2;状态组S1	true	0.253254	0.8095	0.2269	30_项目/个人Unicode音型输入法/数据/unicode全字符/plane-00-Basic Multilingual Plane/block-u0530-u058f-armenian.md	machine-initial-v1	visual-balanced-unicode-block-v1
ֈ	U+0588	ARMENIAN SMALL LETTER YI WITH STROKE	Ll	armenian	as	7	r	放射星芒	s	0	s	对称	asrs	armenian视觉聚类C7;状态组S0	false	0.233174	0.4839	0.2392	30_项目/个人Unicode音型输入法/数据/unicode全字符/plane-00-Basic Multilingual Plane/block-u0530-u058f-armenian.md	machine-initial-v1	visual-balanced-unicode-block-v1
։	U+0589	ARMENIAN FULL STOP	Po	armenian	as	18	p	螺旋回环	s	0	s	对称	asps	armenian视觉聚类C18;状态组S0	false	0.373043	0.6316	0.1184	30_项目/个人Unicode音型输入法/数据/unicode全字符/plane-00-Basic Multilingual Plane/block-u0530-u058f-armenian.md	machine-initial-v1	visual-balanced-unicode-block-v1
֊	U+058A	ARMENIAN HYPHEN	Pd	armenian	as	1	l	线条	s	1	s	对称	asls	armenian视觉聚类C1;状态组S1	false	0.277852	1.9375	0.1593	30_项目/个人Unicode音型输入法/数据/unicode全字符/plane-00-Basic Multilingual Plane/block-u0530-u058f-armenian.md	machine-initial-v1	visual-balanced-unicode-block-v1
֍	U+058D	RIGHT-FACING ARMENIAN ETERNITY SIGN	So	armenian	as	14	f	人物轮廓	s	0	o	外包	asfo	armenian视觉聚类C14;状态组S0	true	0.434603	1.1200	0.2992	30_项目/个人Unicode音型输入法/数据/unicode全字符/plane-00-Basic Multilingual Plane/block-u0530-u058f-armenian.md	machine-initial-v1	visual-balanced-unicode-block-v1
֎	U+058E	LEFT-FACING ARMENIAN ETERNITY SIGN	So	armenian	as	14	f	人物轮廓	s	0	o	外包	asfo	armenian视觉聚类C14;状态组S0	true	0.425459	1.1200	0.2986	30_项目/个人Unicode音型输入法/数据/unicode全字符/plane-00-Basic Multilingual Plane/block-u0530-u058f-armenian.md	machine-initial-v1	visual-balanced-unicode-block-v1
֏	U+058F	ARMENIAN DRAM SIGN	Sc	armenian	as	15	u	容器U形	s	1	s	对称	asus	armenian视觉聚类C15;状态组S1	false	0.379196	0.9000	0.2179	30_项目/个人Unicode音型输入法/数据/unicode全字符/plane-00-Basic Multilingual Plane/block-u0530-u058f-armenian.md	machine-initial-v1	visual-balanced-unicode-block-v1
